"brand_name","product_name","category","review_date","review_rating","sentiment_score","review_text"
"Minimalist","Minimalist Light Fluid SPF 50 Face Sunscreen","sunscreen","2026-06-03",5,0.9022,"Excellent application. Great work and I got free bees too"
"Minimalist","Minimalist Light Fluid SPF 50 Face Sunscreen","sunscreen","2025-02-01",5,0.9017,"Best sunscreen ever!!. I had very dry skin when I applied this the glow that it gave. Oh my god! That was unbelievable. If you want glowing nice skin buy this🎀❤️"
"Minimalist","Minimalist Light Fluid SPF 50 Face Sunscreen","sunscreen","2024-12-26",5,0.8569,"My holy grail for my oily skin. I have searched endlessly for sunscreens that would do the job for my oily skin and would probably keep searching for more too. But i can say for sure, it's a very precious s"
"Minimalist","Minimalist Light Fluid SPF 50 Face Sunscreen","sunscreen","2024-12-07",5,0.7717,"Sunscreen. Best dry skin sunscreen for winter, And I got this minimalist sample pack, thank you nykaa"
"Minimalist","Minimalist Light Fluid SPF 50 Face Sunscreen","sunscreen","2026-05-08",5,0.7003,"Good quality. Easy blends into the skin"
"Minimalist","Minimalist Light Fluid SPF 50 Face Sunscreen","sunscreen","2025-07-25",5,0.9231,"Love it. This is my favourite sunscreen. Also thanks for the bday gift and free mini cream"
"Minimalist","Minimalist Light Fluid SPF 50 Face Sunscreen","sunscreen","2026-07-28",5,0.7906,"Great. Good sunscreen"
"Minimalist","Minimalist Light Fluid SPF 50 Face Sunscreen","sunscreen","2026-07-28",5,0.7178,"Nice. This issue very good. 👍"
"Minimalist","Minimalist Light Fluid SPF 50 Face Sunscreen","sunscreen","2026-07-25",5,0.7152,"Nice. It's very light weight. Good for combination skin"
"Minimalist","Minimalist Light Fluid SPF 50 Face Sunscreen","sunscreen","2026-07-23",5,0.5319,"🌟BEST SUNSCREEN. This product is a holy grail for all those people who find it difficult to find a sunscreen which does not cause a white cast , non fragrant and non greasy... BEST SUNSCREEN"
"Minimalist","Minimalist Light Fluid SPF 50 Face Sunscreen","sunscreen","2026-07-20",5,0.6369,"My favourite. I've been using the Minimalist Light Fluid SPF 50 Sunscreen, and it's one of the best lightweight sunscreens I've tried. The fluid texture spreads effortlessly, absorbs quick"
"Minimalist","Minimalist Light Fluid SPF 50 Face Sunscreen","sunscreen","2026-07-10",5,0.7226,"Sunscreen. A very good product; it doesn't leave white cast and absorbs quickly...🙂"
"Minimalist","Minimalist Light Fluid SPF 50 Face Sunscreen","sunscreen","2026-06-24",5,0.8689,"Loved it. Minimalist products are just underrated..🥹💗"
"Minimalist","Minimalist Light Fluid SPF 50 Face Sunscreen","sunscreen","2026-06-15",5,0.9042,"Great sunscreen. Very lightweight will not cause breakouts watery consistency good for acne prone skin. Love the product"
"Minimalist","Minimalist Light Fluid SPF 50 Face Sunscreen","sunscreen","2026-06-12",5,0.8955,"loved the product🤌🏻. Light wait, and gives a glowy effect on skin without being oily or sticky,I will recommend the product for all type skin, so go and get yours. The product is really awesome a"
"Minimalist","Minimalist Light Fluid SPF 50 Face Sunscreen","sunscreen","2026-06-08",5,0.887,"Best sunscreen. It's so good, will purchase again. 😃"
"Minimalist","Minimalist Light Fluid SPF 50 Face Sunscreen","sunscreen","2026-05-23",5,0.6902,"Simple the best. Nothing compares — truly top-class , got this toner n minimalist tote bag as gift"
"Minimalist","Minimalist Light Fluid SPF 50 Face Sunscreen","sunscreen","2026-05-07",5,0.9388,"Really good!!!. I didn't expect it to absorb my skin that quickly ans finish was so good that it didn't leave me with any whitecast which I am thankful. Overall it's good"
"Minimalist","Minimalist Light Fluid SPF 50 Face Sunscreen","sunscreen","2026-04-28",5,0.9689,"Nice sunscreen. Minimalist never disappoints; it's so good, perfect for all weather, especially summers! The best part is that it's great for oily/acne-prone skin. It doesn't leave a white c"
"Minimalist","Minimalist Light Fluid SPF 50 Face Sunscreen","sunscreen","2026-04-19",5,0.9206,"Great. Good product👌"
"Minimalist","Minimalist SPF 60 PA ++++ Sunscreen - Pregnancy & Lactation Safe For Sensitive Skin","sunscreen","2022-04-18",5,0.8543,"BETTER THAN MOST SUNSCREENS 💖😍. It's a nice Sunscreen..better than most sunscreens available under 500. It is my go to sunscreen. But there are some pros and cons..although go for it, as it has more and str"
"Minimalist","Minimalist SPF 60 PA ++++ Sunscreen - Pregnancy & Lactation Safe For Sensitive Skin","sunscreen","2024-05-14",5,0.3257,"👍🏻SPF 60 PA ++++ Sunscreen. So good. Can use it in any season. Has no harmful chemical than any sunscreen. Has no whitecast and no fragrance. Really good"
"Minimalist","Minimalist SPF 60 PA ++++ Sunscreen - Pregnancy & Lactation Safe For Sensitive Skin","sunscreen","2022-04-04",5,0.8915,"Perfect sunscreen for dry/ normal skin. Blends easily, leaves no white caste, almost fragrance free, leaves glowy texture. Perfect for dry/ normal / Little oily skin type I've normal to oily type skin and it sui"
"Minimalist","Minimalist SPF 60 PA ++++ Sunscreen - Pregnancy & Lactation Safe For Sensitive Skin","sunscreen","2022-02-16",5,0.9163,"SPF 60+, PA ++++, Broad Spectrum, Fragrance-free??. Yes please, that’s a perfect composition for a sunscreen, especially for hotter regions with heavy sun exposure like ours (India). Whatever brand you use, make sure it includ"
"Minimalist","Minimalist SPF 60 PA ++++ Sunscreen - Pregnancy & Lactation Safe For Sensitive Skin","sunscreen","2022-01-03",5,0.7158,"There are better sunscreens out there!. I use this for emergency or when I'm going out for a trip and I don't want to use my good or expensive sunscreen. Personally it's too creamy for my liking. I did notice some"
"Minimalist","Minimalist SPF 60 PA ++++ Sunscreen - Pregnancy & Lactation Safe For Sensitive Skin","sunscreen","2023-06-18",5,0.4404,"Product. The sunscreen is good tried before purchasing again"
"Minimalist","Minimalist SPF 60 PA ++++ Sunscreen - Pregnancy & Lactation Safe For Sensitive Skin","sunscreen","2023-06-01",5,0.8979,"Appreciation only.. This is hands down one of the best sunscreen. No fragrance. Doesn’t make skin oily. Glides on the skin flawlessly. Amazing to use underneath makeup. Must buy. Will repurchase"
"Minimalist","Minimalist SPF 60 PA ++++ Sunscreen - Pregnancy & Lactation Safe For Sensitive Skin","sunscreen","2023-04-08",5,0.9597,"Amazing 👌🏻. Such a great quality yet affordable sunscreen. Works best for my dry skin 👍🏻"
"Minimalist","Minimalist SPF 60 PA ++++ Sunscreen - Pregnancy & Lactation Safe For Sensitive Skin","sunscreen","2023-01-20",5,0.6056,"Sunscreen !!!. No white cast , non oily , spread evenly. Highly Recommended. Thanks Minimalist and Nykaa"
"Minimalist","Minimalist SPF 60 PA ++++ Sunscreen - Pregnancy & Lactation Safe For Sensitive Skin","sunscreen","2022-12-03",5,0.8836,"Superb. A great sunscreen for oily skin. I don't use any other sunscreen after I used this. No leftover. No whites. No greese. Love full of love for this product"
"Minimalist","Minimalist SPF 60 PA ++++ Sunscreen - Pregnancy & Lactation Safe For Sensitive Skin","sunscreen","2022-09-03",5,0.654,"Everyday essential. I'm using this from last six months and I'm in love with this sunscreens..it doesn't leave white cast..👍"
"Minimalist","Minimalist SPF 60 PA ++++ Sunscreen - Pregnancy & Lactation Safe For Sensitive Skin","sunscreen","2022-03-10",5,0.4493,"SPF 60. Nice, light weight, non sticky, absorbe into skin, doesn't leave white caste on skin"
"Minimalist","Minimalist SPF 60 PA ++++ Sunscreen - Pregnancy & Lactation Safe For Sensitive Skin","sunscreen","2022-01-12",5,0.9168,"Best sunscreen 😍🥰. I’ve used numerous sunscreens… before this i even tried UV Doux …but it used to leave a white cast… I didn’t face any such problem with this one!"
"Minimalist","Minimalist SPF 60 PA ++++ Sunscreen - Pregnancy & Lactation Safe For Sensitive Skin","sunscreen","2021-12-30",5,0.7717,"Very mild nd matte finnish. Suitable for all skin type . Good one non sticky non greasy amazing sunscreen"
"Minimalist","Minimalist SPF 60 PA ++++ Sunscreen - Pregnancy & Lactation Safe For Sensitive Skin","sunscreen","2021-12-06",5,0.9081,"Best sunscreen in market. Iove this sunscreen with spf60 and pa++++ provides complete protection and also moisturises your skin. Thankyou nykaa❤😍"
"Minimalist","Minimalist SPF 60 PA ++++ Sunscreen - Pregnancy & Lactation Safe For Sensitive Skin","sunscreen","2024-05-12",5,0.4404,"Minimalist SPF 60. Good"
"Minimalist","Minimalist SPF 60 PA ++++ Sunscreen - Pregnancy & Lactation Safe For Sensitive Skin","sunscreen","2022-06-01",5,0.8607,"In love witb this sunscreen. Best for oily skin,doesn't leave any white cast,and melts in your skin quickly"
"Minimalist","Minimalist SPF 60 PA ++++ Sunscreen - Pregnancy & Lactation Safe For Sensitive Skin","sunscreen","2022-03-04",5,0.9139,"Luv minimalist!. Thick cream based formula but absorbs very easily with no white cast! Moisturizes the skin without making it oily. Another good fragrance free product from minimalist! Recommended"
"Minimalist","Minimalist SPF 60 PA ++++ Sunscreen - Pregnancy & Lactation Safe For Sensitive Skin","sunscreen","2022-01-29",5,0.9382,"Best deal in market. Great sunscreen , thanks nykaa for free deodorant"
"Minimalist","Minimalist SPF 60 PA ++++ Sunscreen - Pregnancy & Lactation Safe For Sensitive Skin","sunscreen","2025-12-19",5,0.6353,"Really Good. Really good leaves no white cast"
"Mamaearth","Mamaearth Vitamin C Day Cream For Face With Vitamin C & SPF 20 For Skin Illumination","skincare","2022-06-16",5,0.9709,"Best experience ever. I saw the positive changes ....overall nice experience... Thank u very much nykaa 💕💕"
"Mamaearth","Mamaearth Vitamin C Day Cream For Face With Vitamin C & SPF 20 For Skin Illumination","skincare","2021-04-05",5,0.8934,"Loved it. Loved the texture nd fragrance thanks nykaa"
"Mamaearth","Mamaearth Vitamin C Day Cream For Face With Vitamin C & SPF 20 For Skin Illumination","skincare","2022-11-23",5,0.8625,"Always super. Light weight...looks like natural...this is 3rd purchase...but cost wise high ...just concern about skin ..no matter"
"Mamaearth","Mamaearth Vitamin C Day Cream For Face With Vitamin C & SPF 20 For Skin Illumination","skincare","2022-04-06",5,0.8674,"Very nice. Very good product and it came safely"
"Mamaearth","Mamaearth Vitamin C Day Cream For Face With Vitamin C & SPF 20 For Skin Illumination","skincare","2022-04-04",5,0.7717,"Amazing. Good for skin"
"Mamaearth","Mamaearth Vitamin C Day Cream For Face With Vitamin C & SPF 20 For Skin Illumination","skincare","2022-04-03",5,0.296,"Mama Earth vitamin c face cream. So gud product"
"Mamaearth","Mamaearth Vitamin C Day Cream For Face With Vitamin C & SPF 20 For Skin Illumination","skincare","2021-09-07",5,0.8805,"Really nice products....I just love it..❤️. Good freshness...nd very soften to touch skin after use it...go for it .. reasonable price ...❤️❤️"
"Mamaearth","Mamaearth Vitamin C Day Cream For Face With Vitamin C & SPF 20 For Skin Illumination","skincare","2021-08-21",5,0.6369,"Mamaearth vit c face cream. I love this mamaearth vit c face cream.. Go for it"
"Mamaearth","Mamaearth Vitamin C Day Cream For Face With Vitamin C & SPF 20 For Skin Illumination","skincare","2021-08-17",5,0.4215,"Nice packaging. Amezing product"
"Mamaearth","Mamaearth Vitamin C Day Cream For Face With Vitamin C & SPF 20 For Skin Illumination","skincare","2021-06-22",5,0.7003,"Good. Good"
"Mamaearth","Mamaearth Vitamin C Day Cream For Face With Vitamin C & SPF 20 For Skin Illumination","skincare","2021-05-11",5,0.7003,"Vitamin c cream. Can see positive effect on my skin ....reduce acne marks and blemishes ...even my skin tone also ...spf containing also 🌸"
"Mamaearth","Mamaearth Vitamin C Day Cream For Face With Vitamin C & SPF 20 For Skin Illumination","skincare","2021-04-17",5,0.8511,"Thank u nykaa. I ordered this product on d basis of rating.. hope so this well suits me ... Thank u nykaa 🤘"
"Mamaearth","Mamaearth Vitamin C Day Cream For Face With Vitamin C & SPF 20 For Skin Illumination","skincare","2021-03-22",5,0.9493,"love it. very nice product mamaearth i love this product nd love with this rose water"
"Mamaearth","Mamaearth Vitamin C Day Cream For Face With Vitamin C & SPF 20 For Skin Illumination","skincare","2021-02-06",5,0.5994,"Loved it. Amezing products really efctive"
"Mamaearth","Mamaearth Vitamin C Day Cream For Face With Vitamin C & SPF 20 For Skin Illumination","skincare","2020-12-28",5,0.6705,"good. I use this product only 4days .But I must say yes it works"
"Mamaearth","Mamaearth Vitamin C Day Cream For Face With Vitamin C & SPF 20 For Skin Illumination","skincare","2020-11-12",5,0.6705,"good product. go for it if your skin need softness...n obviously protect from sun"
"Mamaearth","Mamaearth Vitamin C Day Cream For Face With Vitamin C & SPF 20 For Skin Illumination","skincare","2024-01-30",5,0.7089,"Worth it. So happy to receive this product"
"Mamaearth","Mamaearth Vitamin C Day Cream For Face With Vitamin C & SPF 20 For Skin Illumination","skincare","2023-04-27",5,0.705,"Vit C Face cream & SPF 20. I love the cream but there's always an issue with the pump of the container 😅(last time I had to completely open the lid and extract the cream out)but because the cream is g"
"Mamaearth","Mamaearth Vitamin C Day Cream For Face With Vitamin C & SPF 20 For Skin Illumination","skincare","2022-07-04",5,0.8689,"Vitamin C Day cream. This is awesome product I ever used. This day cream is very light on skin. Feel fresh enriched with vitamin C"
"Mamaearth","Mamaearth Vitamin C Day Cream For Face With Vitamin C & SPF 20 For Skin Illumination","skincare","2022-04-25",5,0.9217,"Perfect product for flawless skin.. The texture is very light. Doesn't make the skin too oily or dry. Perfect for summers. Thank you mama earth"
"Mamaearth","Mamaearth Vitamin C Daily Glow Sunscreen With Vit C & Turmeric For Tan Protect... - In-Vivo tested","sunscreen","2023-07-31",5,0.8625,"Nice. Good sunscreen. Smell is mild and beautiful. Doesn't leaves white cast"
"Mamaearth","Mamaearth Vitamin C Daily Glow Sunscreen With Vit C & Turmeric For Tan Protect... - In-Vivo tested","sunscreen","2023-05-12",5,0.9903,"Best sunscreen ever........ Soo much good sunscreen...... No white cast.... Yeah a little bit sweat after applying.... But that is ok...... best product according to me... ..... 😚😚😚😚😚"
"Mamaearth","Mamaearth Vitamin C Daily Glow Sunscreen With Vit C & Turmeric For Tan Protect... - In-Vivo tested","sunscreen","2024-08-04",5,0.6801,"Nice. Soft and smooth I really like it"
"Mamaearth","Mamaearth Vitamin C Daily Glow Sunscreen With Vit C & Turmeric For Tan Protect... - In-Vivo tested","sunscreen","2023-10-11",5,0.7474,"Must buy product. Very good product good fragrance stays for longer"
"Mamaearth","Mamaearth Vitamin C Daily Glow Sunscreen With Vit C & Turmeric For Tan Protect... - In-Vivo tested","sunscreen","2023-10-09",5,0.68,"Go for it !. It have been using it like for more than 3 months and it gives instead glow on face after applying and i already brought myself another pack 😅 I also want to inform"
"Mamaearth","Mamaearth Vitamin C Daily Glow Sunscreen With Vit C & Turmeric For Tan Protect... - In-Vivo tested","sunscreen","2025-03-02",5,0.8313,"Nice. Very nice product. Packaging is too much good 👍🏻🏻"
"Mamaearth","Mamaearth Vitamin C Daily Glow Sunscreen With Vit C & Turmeric For Tan Protect... - In-Vivo tested","sunscreen","2024-08-16",5,-0.3412,"Too small shampoo.... Not good"
"Mamaearth","Mamaearth Vitamin C Daily Glow Sunscreen With Vit C & Turmeric For Tan Protect... - In-Vivo tested","sunscreen","2026-06-08",5,0.9773,"Number one quality. This product is absolutely amazing and I love it so much! I highly recommend everyone to buy it. Grab it quickly and see the difference for yourself! 😍🥰🥳"
"Mamaearth","Mamaearth Vitamin C Daily Glow Sunscreen With Vit C & Turmeric For Tan Protect... - In-Vivo tested","sunscreen","2025-10-27",5,0.9589,"Vitamin c sunscreen. Very good sunscreen. The consistency is good, lightweight, and easy to absorb. Vitamin C brightens the skin. I love it"
"Mamaearth","Mamaearth Vitamin C Daily Glow Sunscreen With Vit C & Turmeric For Tan Protect... - In-Vivo tested","sunscreen","2025-07-26",5,0.8748,"Good. Very good product and its worth the money.😁"
"Mamaearth","Mamaearth Vitamin C Daily Glow Sunscreen With Vit C & Turmeric For Tan Protect... - In-Vivo tested","sunscreen","2025-06-25",5,0.807,"I love it. It's very nice 👍🏻 product , must have this one"
"Mamaearth","Mamaearth Vitamin C Daily Glow Sunscreen With Vit C & Turmeric For Tan Protect... - In-Vivo tested","sunscreen","2025-06-24",5,0.7964,"Good one. One of the best product, must have this one"
"Mamaearth","Mamaearth Vitamin C Daily Glow Sunscreen With Vit C & Turmeric For Tan Protect... - In-Vivo tested","sunscreen","2025-05-28",5,0.9345,"Good product. Amazing product ,Good product, extremely I like this product, does what it claims, must by this product. Thank you Nykaa. Go for it guys...!"
"Mamaearth","Mamaearth Vitamin C Daily Glow Sunscreen With Vit C & Turmeric For Tan Protect... - In-Vivo tested","sunscreen","2025-05-10",5,0.9366,"Best product. Nice product as shown I liked it ☺️☺️. I was thinking of buying rice water face wash but because of the price it was not possible but I got in combo with nice prices thank yo"
"Mamaearth","Mamaearth Vitamin C Daily Glow Sunscreen With Vit C & Turmeric For Tan Protect... - In-Vivo tested","sunscreen","2025-04-10",5,0.8779,"Great ever. Good effective product , just go for it"
"Mamaearth","Mamaearth Vitamin C Daily Glow Sunscreen With Vit C & Turmeric For Tan Protect... - In-Vivo tested","sunscreen","2024-12-03",5,0.787,"Best sunscreen ever. It just goes so well with my skin 🫠🩷"
"Mamaearth","Mamaearth Vitamin C Daily Glow Sunscreen With Vit C & Turmeric For Tan Protect... - In-Vivo tested","sunscreen","2024-11-16",5,0.8176,"Good. Absorbs easily. No white cast. Thank you for the gift"
"Mamaearth","Mamaearth Vitamin C Daily Glow Sunscreen With Vit C & Turmeric For Tan Protect... - In-Vivo tested","sunscreen","2024-08-21",5,0.967,"Glow sunscreen. I love that sunscreen, your skin starts glowing after applying this sunscreen🥰😘thanks Nykaa for free birthday gift☺"
"Mamaearth","Mamaearth Vitamin C Daily Glow Sunscreen With Vit C & Turmeric For Tan Protect... - In-Vivo tested","sunscreen","2024-08-12",5,-0.4939,"Not satify. Quantity of the item is too small. I wasted my money. 😒😒😒😒😒"
"Mamaearth","Mamaearth Vitamin C Daily Glow Sunscreen With Vit C & Turmeric For Tan Protect... - In-Vivo tested","sunscreen","2024-07-01",5,0.6249,"Awesome. This product is herbal. Don't side effects"
"Plum","Plum Green Tea & Zinc Super-Matte SPF 50 Sunscreen Gel For Oily, Combination Skin, No White Cast","sunscreen","2025-05-23",5,0.7311,"Nice product. Non -sticky, light weight and quick absorbing with no white cast. After aqualogica, I found this one ammaazing. In harsh summers, it might be little heavy but the best thing"
"Plum","Plum Green Tea & Zinc Super-Matte SPF 50 Sunscreen Gel For Oily, Combination Skin, No White Cast","sunscreen","2025-04-30",5,0.9274,"Matte, gentle. This sunscreen is great for oily and sensitive skin. It’s lightweight, blends easily, and leaves a matte finish without any white cast. I love that it’s fragrance-free and do"
"Plum","Plum Green Tea & Zinc Super-Matte SPF 50 Sunscreen Gel For Oily, Combination Skin, No White Cast","sunscreen","2025-06-22",5,0.7096,"Matte SPF50. This is my first purchase from Plum. The formula is mationed for oily skin but I have normal to dry skin,still it suits me well in the summer season. The ingredients like Gr"
"Plum","Plum Green Tea & Zinc Super-Matte SPF 50 Sunscreen Gel For Oily, Combination Skin, No White Cast","sunscreen","2025-10-23",5,0.6486,"Satisfied 😃. It has a gel-like consistency and a matte finish"
"Plum","Plum Green Tea & Zinc Super-Matte SPF 50 Sunscreen Gel For Oily, Combination Skin, No White Cast","sunscreen","2025-05-05",5,0.4678,"Superb quality product. My previous sunscreen caused severe damage on my skin, caused burning sensation and all.. but This is simply wow for me. It did not cause such issues at all and no oiliness w"
"Plum","Plum Green Tea & Zinc Super-Matte SPF 50 Sunscreen Gel For Oily, Combination Skin, No White Cast","sunscreen","2026-06-12",5,0.0,"Very light weight. The sunscreen is very light weight, quickly absorbs to the skin, feels very light"
"Plum","Plum Green Tea & Zinc Super-Matte SPF 50 Sunscreen Gel For Oily, Combination Skin, No White Cast","sunscreen","2026-03-22",5,0.8655,"Best Sunscreen. Best sunscreen for oily skin! It provides a dewy finish without stickiness or white cast. It's also fragrance-free and blends in smoothly"
"Plum","Plum Green Tea & Zinc Super-Matte SPF 50 Sunscreen Gel For Oily, Combination Skin, No White Cast","sunscreen","2026-03-05",5,0.8846,"Good sunscreen. This is the best sunscreen I've ever used. It doesn't leave any white cast, and I've found it effective for my (pimple-prone) skin"
"Plum","Plum Green Tea & Zinc Super-Matte SPF 50 Sunscreen Gel For Oily, Combination Skin, No White Cast","sunscreen","2026-02-28",5,0.6908,"Good. Nice product"
"Plum","Plum Green Tea & Zinc Super-Matte SPF 50 Sunscreen Gel For Oily, Combination Skin, No White Cast","sunscreen","2026-02-10",5,0.938,"I like it.♥️. The texture is lightweight and doesn't leave a white cast. I like this sunscreen. 🧴👌🏻"
"Plum","Plum Green Tea & Zinc Super-Matte SPF 50 Sunscreen Gel For Oily, Combination Skin, No White Cast","sunscreen","2025-11-03",5,0.734,"Very nice product. This sunscreen is very nice, and especially for oily skin, it doesn't give any white cast on skin and absorbs very quickly"
"Plum","Plum Green Tea & Zinc Super-Matte SPF 50 Sunscreen Gel For Oily, Combination Skin, No White Cast","sunscreen","2025-07-26",5,0.7717,"Nice packaging. Blends well, smells nice, non sticky"
"Plum","Plum Green Tea & Zinc Super-Matte SPF 50 Sunscreen Gel For Oily, Combination Skin, No White Cast","sunscreen","2025-05-17",5,0.4404,"All are good. All are good but not yet started to use product"
"Plum","Plum Green Tea & Zinc Super-Matte SPF 50 Sunscreen Gel For Oily, Combination Skin, No White Cast","sunscreen","2025-04-21",5,0.9371,"Good product. Good product and pocket friendly In comparison to rise sunscreen of plum, this is quite good and pocket friendly and the size of the screen is quite sufficient. I am using da"
"Plum","Plum Green Tea & Zinc Super-Matte SPF 50 Sunscreen Gel For Oily, Combination Skin, No White Cast","sunscreen","2025-04-01",5,0.4939,"My new fav sunscreen. It’s easily absorbed, leaves my skin soft and moisturised, no white cast"
"Plum","Plum Green Tea & Zinc Super-Matte SPF 50 Sunscreen Gel For Oily, Combination Skin, No White Cast","sunscreen","2025-02-14",5,0.4939,"Worth it. This is my first time using this Sunscreen... I have a oily acne prone skin... Using this Sunscreen doesn't make my skin look oily or dry. It gives me a fresh look"
"Plum","Plum Green Tea & Zinc Super-Matte SPF 50 Sunscreen Gel For Oily, Combination Skin, No White Cast","sunscreen","2024-12-02",5,0.5994,"👍🏻Sunscreen. My mom loved it"
"Plum","Plum Green Tea & Zinc Super-Matte SPF 50 Sunscreen Gel For Oily, Combination Skin, No White Cast","sunscreen","2026-07-24",5,0.4675,"Good purchase. It absorbs quickly and does not leave any white cast"
"Plum","Plum Green Tea & Zinc Super-Matte SPF 50 Sunscreen Gel For Oily, Combination Skin, No White Cast","sunscreen","2026-07-06",5,0.836,"Must try. This is the best sunscreen I have ever used. It provides a lightweight, moisturizing finish that blends effortlessly without leaving a white cast. It is perfect for acne-pron"
"Plum","Plum Green Tea & Zinc Super-Matte SPF 50 Sunscreen Gel For Oily, Combination Skin, No White Cast","sunscreen","2026-04-16",5,0.5859,"Sunscreen. In one word, just amazing"
"Plum","Plum 2% Niacinamide & Rice Water SPF 50 PA+++ Sunscreen, Fades Tan, For Oily To Dry Skin Type","sunscreen","2024-09-25",5,0.958,"One of the best sunscreen I've ever used!. The consistency is light creamy and absorbs super easily! Gives a healthy glow after applying. And it smells so sweet and subtle. Just go for it girls! It has rice water whic"
"Plum","Plum 2% Niacinamide & Rice Water SPF 50 PA+++ Sunscreen, Fades Tan, For Oily To Dry Skin Type","sunscreen","2023-03-28",5,0.9531,"Amazing. Dewy finish when applied. Lovely combination of rice water and niacinamide. Thank you so much Plum for inventing this type of cream and also budget friendly. Loved it"
"Plum","Plum 2% Niacinamide & Rice Water SPF 50 PA+++ Sunscreen, Fades Tan, For Oily To Dry Skin Type","sunscreen","2025-08-11",5,0.9286,"SPF with perfection. Obsessed with this Plum Rice Water & Niacinamide SPF 50! The packaging is so sleek and travel-friendly (love the pump ❤️). It’s super lightweight, blends like a dream, and no"
"Plum","Plum 2% Niacinamide & Rice Water SPF 50 PA+++ Sunscreen, Fades Tan, For Oily To Dry Skin Type","sunscreen","2025-04-14",5,0.8655,"best sunscreen!. I've been using this sunscreen for months now and it's my second purchase. I'm just in love with this so much, very hydrating, formula is light and doesn't stick around, als"
"Plum","Plum 2% Niacinamide & Rice Water SPF 50 PA+++ Sunscreen, Fades Tan, For Oily To Dry Skin Type","sunscreen","2024-03-22",5,0.0405,"Plum 2% Niacinamide sunscreen. The plum 2% Niacinamide Sunscreen gives NO white cast, and we get a glow on the skin after use. Just didn't like the pumping part. In love with this plum niacinamide range. F"
"Plum","Plum 2% Niacinamide & Rice Water SPF 50 PA+++ Sunscreen, Fades Tan, For Oily To Dry Skin Type","sunscreen","2024-02-27",5,0.8555,"One of the Best Sunscreen. It's actually one of the best Sunscreen and is affordable too...because these days sunscreen are very expensive"
"Plum","Plum 2% Niacinamide & Rice Water SPF 50 PA+++ Sunscreen, Fades Tan, For Oily To Dry Skin Type","sunscreen","2024-02-17",5,0.8689,"Dewy, light and refreshing.. Perfect summer sunscreen. It's so light, non-sticky and no white cast. Glass like shine as well. Perfect ^^"
"Plum","Plum 2% Niacinamide & Rice Water SPF 50 PA+++ Sunscreen, Fades Tan, For Oily To Dry Skin Type","sunscreen","2023-12-24",5,0.4404,"Good sunscreen. Doesn't give a white cast and also hydrates the skin"
"Plum","Plum 2% Niacinamide & Rice Water SPF 50 PA+++ Sunscreen, Fades Tan, For Oily To Dry Skin Type","sunscreen","2024-01-18",5,0.4404,"Sunscreen. Good 👍"
"Plum","Plum 2% Niacinamide & Rice Water SPF 50 PA+++ Sunscreen, Fades Tan, For Oily To Dry Skin Type","sunscreen","2023-05-26",5,0.3604,"Plum sunscreen. Nice. But little little bit oilly. No fragrance. Worth buying it 😍. This is my 2 buying"
"Plum","Plum 2% Niacinamide & Rice Water SPF 50 PA+++ Sunscreen, Fades Tan, For Oily To Dry Skin Type","sunscreen","2025-11-04",5,0.9385,"Best sunscreen. This sunscreen is really amazing—it doesn’t leave any white cast at all! It also helps prevent tanning, almost completely. The texture is super lightweight, and I loved it so"
"Plum","Plum 2% Niacinamide & Rice Water SPF 50 PA+++ Sunscreen, Fades Tan, For Oily To Dry Skin Type","sunscreen","2025-10-12",5,0.9704,"My favorite. This is my second pack, and I love it. It's so amazing and gives a healthy glow. It absorbs super fast and has a gel texture. I'll surely restock it, even though the matte pa"
"Plum","Plum 2% Niacinamide & Rice Water SPF 50 PA+++ Sunscreen, Fades Tan, For Oily To Dry Skin Type","sunscreen","2025-09-22",5,0.9247,"Thank you. It is good for everyday use. It has a dewy formula and does not leave white cast. The freebie is really cute too, Thank you"
"Plum","Plum 2% Niacinamide & Rice Water SPF 50 PA+++ Sunscreen, Fades Tan, For Oily To Dry Skin Type","sunscreen","2025-08-07",5,0.2263,"Light weight. Melts on the screen smoothly. Worth the money"
"Plum","Plum 2% Niacinamide & Rice Water SPF 50 PA+++ Sunscreen, Fades Tan, For Oily To Dry Skin Type","sunscreen","2025-05-30",5,0.5083,"Really good. I was shocked by the finish of this sunscreen, doesn't feel heavy on skin at all, settles very well and does not feel sticky at all. Overall 9/10 product"
"Plum","Plum 2% Niacinamide & Rice Water SPF 50 PA+++ Sunscreen, Fades Tan, For Oily To Dry Skin Type","sunscreen","2025-03-13",5,0.8658,"SPF 🩷🩷. First I tried a little sample one of this product which I got in freebies and then I found this sunscreen gives the best results. Many people gave compliments that you're shi"
"Plum","Plum 2% Niacinamide & Rice Water SPF 50 PA+++ Sunscreen, Fades Tan, For Oily To Dry Skin Type","sunscreen","2024-11-28",5,0.5574,"Worth buying. Ideal sunscreen for winters because of some sort of moisturizing effect. Gives extra shine to face . Looks so dewy after applying. I emptied most of the bottle and going to r"
"Plum","Plum 2% Niacinamide & Rice Water SPF 50 PA+++ Sunscreen, Fades Tan, For Oily To Dry Skin Type","sunscreen","2024-11-27",5,0.8842,"Sunscreen. 👌 Love it✨️"
"Plum","Plum 2% Niacinamide & Rice Water SPF 50 PA+++ Sunscreen, Fades Tan, For Oily To Dry Skin Type","sunscreen","2024-08-22",5,0.7784,"Superb ❤️❤️❤️. Oily and sensitive skin must buy no irritation must buy❤️❤️❤️👍🏻👍🏻👍🏻"
"Plum","Plum 2% Niacinamide & Rice Water SPF 50 PA+++ Sunscreen, Fades Tan, For Oily To Dry Skin Type","sunscreen","2024-08-05",5,0.765,"Great product. I like the packaging really convenient, doesn't live a white cast has spf 50 , not very expensive, doesn't have any smell, doesn't feel oily at all even though I have very oi"
"WOW Skin Science","WOW Skin Science Charcoal Face Wash for Deep Cleansing Oil Control & Clear Skin","face wash","2025-09-06",5,0.8519,"Love it. It is superb cleanser ever"
"WOW Skin Science","WOW Skin Science Charcoal Face Wash for Deep Cleansing Oil Control & Clear Skin","face wash","2025-05-18",5,0.7003,"Good product. Good cleanser ever. Go for it"
"WOW Skin Science","WOW Skin Science Charcoal Face Wash for Deep Cleansing Oil Control & Clear Skin","face wash","2025-04-03",5,0.8316,"Good. Nice effective product"
"WOW Skin Science","WOW Skin Science Charcoal Face Wash for Deep Cleansing Oil Control & Clear Skin","face wash","2025-04-03",5,0.8074,"Good product. Good product, like it must try"
"WOW Skin Science","WOW Skin Science Charcoal Face Wash for Deep Cleansing Oil Control & Clear Skin","face wash","2023-12-30",5,0.8091,"WOW Skin science. Nice"
"WOW Skin Science","WOW Skin Science Charcoal Face Wash for Deep Cleansing Oil Control & Clear Skin","face wash","2023-12-20",5,0.8225,"Nice. Good charcoal face wash. Good one. Got it in just 100 rupees"
"WOW Skin Science","WOW Skin Science Charcoal Face Wash for Deep Cleansing Oil Control & Clear Skin","face wash","2025-06-07",5,0.8519,"Love it. It’s superb cleanser. Go with it guys"
"WOW Skin Science","WOW Skin Science Charcoal Face Wash for Deep Cleansing Oil Control & Clear Skin","face wash","2025-05-16",5,0.8999,"Good cleanser. Nice cleanser ever, it works awesome and its worth the money. Go for it guys..!"
"WOW Skin Science","WOW Skin Science Charcoal Face Wash for Deep Cleansing Oil Control & Clear Skin","face wash","2025-05-01",5,0.8999,"Nice facewash. Good cleanser.it works awesome and its worth the money. Go for it guys..!"
"WOW Skin Science","WOW Skin Science Charcoal Face Wash for Deep Cleansing Oil Control & Clear Skin","face wash","2025-04-03",5,0.7003,"Good product. Good product"
"WOW Skin Science","WOW Skin Science Charcoal Face Wash for Deep Cleansing Oil Control & Clear Skin","face wash","2025-05-14",4,0.7717,"Good cleanser. Amazing cleanser ever , just go for it"
"WOW Skin Science","WOW Skin Science Charcoal Face Wash for Deep Cleansing Oil Control & Clear Skin","face wash","2024-01-08",4,0.9493,"Good products. This products is very great 👍 I love this ❤"
"WOW Skin Science","WOW Skin Science Charcoal Face Wash for Deep Cleansing Oil Control & Clear Skin","face wash","2024-01-28",3,0.4215,"Face Wash. Nice one"
"WOW Skin Science","WOW Skin Science Charcoal Face Wash for Deep Cleansing Oil Control & Clear Skin","face wash","2024-04-27",3,0.3555,"does the job. not as effective as nykaa face washes or mcaffine face washes but does the job, do stay away if you're a dry skin girly coz personally it felt like it did strip my face dry"
"WOW Skin Science","WOW Skin Science Charcoal Face Wash for Deep Cleansing Oil Control & Clear Skin","face wash","2024-03-15",3,0.8917,"Good. Very good for oily skin but yes it has little bit strong smell not too much"
"WOW Skin Science","WOW Skin Science Charcoal Face Wash for Deep Cleansing Oil Control & Clear Skin","face wash","2024-11-01",1,0.4035,"Not recommended. The fragrance is too strong and after wahing face feel so dry"
"WOW Skin Science","WOW Skin Science Vitamin C + Niacinamide Brightening Face Wash with Foaming Brush for Clear Skin","face wash","2021-05-20",5,0.9201,"Good product. Best products....😎😎"
"WOW Skin Science","WOW Skin Science Vitamin C + Niacinamide Brightening Face Wash with Foaming Brush for Clear Skin","face wash","2021-04-11",5,0.982,"The best. I love this product seriously amazing it is and there is a massager given in the product its like awesome it clears my skin so well .... Honestly speaking do buy it guyz L"
"WOW Skin Science","WOW Skin Science Vitamin C + Niacinamide Brightening Face Wash with Foaming Brush for Clear Skin","face wash","2021-12-10",5,0.8795,"Very energetic face wash. As the name suggest wow.. Its very soft and gentle face wash with very pleaaent fragrance. Smooth to skin and make skin smoother after every wash. Face brush also provide bet"
"WOW Skin Science","WOW Skin Science Vitamin C + Niacinamide Brightening Face Wash with Foaming Brush for Clear Skin","face wash","2021-07-29",5,0.8402,"wow. I love it so much"
"WOW Skin Science","WOW Skin Science Vitamin C + Niacinamide Brightening Face Wash with Foaming Brush for Clear Skin","face wash","2021-04-24",5,0.7783,"Good product. First time I’m going to use this ....I’m sooo excited 😆 Let’s see the results 🤩"
"WOW Skin Science","WOW Skin Science Vitamin C + Niacinamide Brightening Face Wash with Foaming Brush for Clear Skin","face wash","2020-07-23",5,0.9477,"Wow skin science brightening vitamin C forming face wash. Awesome product thanks nykaa"
"WOW Skin Science","WOW Skin Science Vitamin C + Niacinamide Brightening Face Wash with Foaming Brush for Clear Skin","face wash","2023-09-08",5,0.8952,"Good face wash.. Satisfied with the product. Brush is so puffy Easy to apply. Good face wash. Must try product"
"WOW Skin Science","WOW Skin Science Vitamin C + Niacinamide Brightening Face Wash with Foaming Brush for Clear Skin","face wash","2022-03-23",5,0.8957,"Wowwiiee. Read the reviews and got recommend for this from a friend and finally tried this. It's good, and for oily skin it's a blessing for Summers , as oily along with sweaty skin ma"
"WOW Skin Science","WOW Skin Science Vitamin C + Niacinamide Brightening Face Wash with Foaming Brush for Clear Skin","face wash","2022-02-04",5,0.68,"Brightens skin in no time go for it!. I got it today,i just used it and i have oily/dry skin today it helped me brighten,soften and have pore free skin love it would buy again and don't go for the bad ratings.. w"
"WOW Skin Science","WOW Skin Science Vitamin C + Niacinamide Brightening Face Wash with Foaming Brush for Clear Skin","face wash","2021-06-03",5,0.9359,"Best facewash. Finally I ordered this foaming face wash after very good reviews for it now hopefully it works best for my skin too"
"WOW Skin Science","WOW Skin Science Vitamin C + Niacinamide Brightening Face Wash with Foaming Brush for Clear Skin","face wash","2021-01-30",5,0.9705,"I love you nykaa. Unbelievable. This is my first order from Nykaa. Heavy discount. Perfect packaging. Perfect product. I love you nykaa. I am very much happy. Deliver was by delhivery courier"
"WOW Skin Science","WOW Skin Science Vitamin C + Niacinamide Brightening Face Wash with Foaming Brush for Clear Skin","face wash","2022-09-06",5,0.9393,"Amazing. My best purchase ,that silicon brush is so useful, very soft and helps in deep cleansing, visible results from 1St use only"
"WOW Skin Science","WOW Skin Science Vitamin C + Niacinamide Brightening Face Wash with Foaming Brush for Clear Skin","face wash","2021-05-12",5,0.9821,"Outstanding product😍😍😍😍😍. Very nice face wash cleaned my face very nicely the build in silicon brushes are so soft not at all harsh on face also the smell of facewash is just like lemon🍋and orange🍊"
"WOW Skin Science","WOW Skin Science Vitamin C + Niacinamide Brightening Face Wash with Foaming Brush for Clear Skin","face wash","2020-10-14",5,0.7964,"I love it. The silicon brush is too good... N i really feel my skin getting cleansed deeply"
"WOW Skin Science","WOW Skin Science Vitamin C + Niacinamide Brightening Face Wash with Foaming Brush for Clear Skin","face wash","2020-07-10",5,0.7922,"Wow. Just received my parcel and used it can't help was so excited. I really like its pump as its very soft on skin. Waiting for the results after a week. My first wash with it wa"
"WOW Skin Science","WOW Skin Science Vitamin C + Niacinamide Brightening Face Wash with Foaming Brush for Clear Skin","face wash","2020-03-16",5,0.8979,"Best. I love it. It is my 3rd pyrchase to same face wash.I cleaned my skin like never before"
"WOW Skin Science","WOW Skin Science Vitamin C + Niacinamide Brightening Face Wash with Foaming Brush for Clear Skin","face wash","2024-05-03",5,0.8442,"Super product. Love it"
"WOW Skin Science","WOW Skin Science Vitamin C + Niacinamide Brightening Face Wash with Foaming Brush for Clear Skin","face wash","2024-02-16",5,0.9167,"Best Face Wash. I really love this face wash. Brush is really gentle on my skin. Must buy"
"WOW Skin Science","WOW Skin Science Vitamin C + Niacinamide Brightening Face Wash with Foaming Brush for Clear Skin","face wash","2023-12-28",5,0.8516,"Its my secret to a radiant glow!. Using WOW’s Vitamin C Face Wash with the brush feels like a daily self-love moment. The brush adds a spa-like touch, and the Vitamin C infusion works its magic, making my ski"
"WOW Skin Science","WOW Skin Science Vitamin C + Niacinamide Brightening Face Wash with Foaming Brush for Clear Skin","face wash","2023-05-20",5,0.9702,"Wow product. Go for dis girl and ladies Osmm Remove excess oil from ur skin and get clear skin Thank you for the lovely shade of nail paint Love 😘😘 you"
"The Derma Co","The Derma Co 15% Vitamin C Face Serum","serum","2025-06-14",5,0.8126,"Superb serum. It gives me flawless glowing skin, go for it guys"
"The Derma Co","The Derma Co 15% Vitamin C Face Serum","serum","2025-04-12",5,0.9616,"Most buy 💕. Awesome product 2 month use miracle happening i love the product and worth it"
"The Derma Co","The Derma Co 15% Vitamin C Face Serum","serum","2026-04-18",5,0.3384,"Insta glow. It is working very well and instant glow visible"
"The Derma Co","The Derma Co 15% Vitamin C Face Serum","serum","2026-04-12",5,0.7783,"Serum magic. The quality of product is great. I clearly see the difference in my skin texture my skin becomes smooth and glowing after using this serum.worth every penny"
"The Derma Co","The Derma Co 15% Vitamin C Face Serum","serum","2026-04-10",5,0.9674,"Good Vitamin C. This serum is amazing ✨ Gives Brighten skin and also help to reduce dark spots. 😊"
"The Derma Co","The Derma Co 15% Vitamin C Face Serum","serum","2025-11-21",5,-0.128,"Pigmentation is removing. I had darkness around month ..I used this serum 3 month and it is removing..my whole face was not the same colour but now it become same...I order 2nd bottle"
"The Derma Co","The Derma Co 15% Vitamin C Face Serum","serum","2025-05-15",5,0.7089,"Very good product. It reduced all my dark spots and made my skin smoother. My skin looks healthy and soft. Just go for it"
"The Derma Co","The Derma Co 15% Vitamin C Face Serum","serum","2026-05-23",5,0.9694,"Would highly recommend 💗. The quality of this product is great. Would highly recommend it.💗"
"The Derma Co","The Derma Co 5% Vitamin C Daily Face Serum With Ferulic Acid & Multivitamin For Skin Illumination","serum","2024-07-22",5,0.7783,"The best🤍🤍🤍. Good packaging 🤍 Loved the consistency 🤍🤍"
"The Derma Co","The Derma Co 5% Vitamin C Daily Face Serum With Ferulic Acid & Multivitamin For Skin Illumination","serum","2024-05-25",5,0.6059,"In love.. The smaller one is a sample product of 10ml . For 30 ml it's a bit priced but, worth every penny"
"The Derma Co","The Derma Co 5% Vitamin C Daily Face Serum With Ferulic Acid & Multivitamin For Skin Illumination","serum","2024-05-14",5,0.7579,"Nice serum. Serum suits sensitive skin, adds glow. Happy with this serum"
"The Derma Co","The Derma Co 5% Vitamin C Daily Face Serum With Ferulic Acid & Multivitamin For Skin Illumination","serum","2025-09-28",5,0.9729,"Good one. I've no word for this … it reduces my uneven skin tone as well as chicken spots… this is my without-filter-and-light pic … Omg, I'm obsessed with this. 🥰💕💕💕❤️"
"The Derma Co","The Derma Co 5% Vitamin C Daily Face Serum With Ferulic Acid & Multivitamin For Skin Illumination","serum","2025-08-26",5,0.8977,"Great product.. Love it for sure! This is how big the bottle is"
"The Derma Co","The Derma Co 5% Vitamin C Daily Face Serum With Ferulic Acid & Multivitamin For Skin Illumination","serum","2023-10-18",5,0.966,"Amazing serum!!!. I loved it...For a beginner like me it's the best one, use this with derma co sunscreen for best results"
"The Derma Co","The Derma Co 5% Vitamin C Daily Face Serum With Ferulic Acid & Multivitamin For Skin Illumination","serum","2023-10-14",5,0.5486,"Glowy skin🔅. I have used vit c and it works so well for me ,i prefer to use it in morning and then top it off with sunscreen ,it provides a little extra protection and glow 🌟"
"The Derma Co","The Derma Co 5% Vitamin C Daily Face Serum With Ferulic Acid & Multivitamin For Skin Illumination","serum","2026-02-20",5,0.6486,"I like it. This serum feels nice and light on the skin"
"The Derma Co","The Derma Co 5% Vitamin C Daily Face Serum With Ferulic Acid & Multivitamin For Skin Illumination","serum","2026-06-24",5,0.8011,"Good for skin. It helps me a lot!! But better result after 2 month"
"The Derma Co","The Derma Co 5% Vitamin C Daily Face Serum With Ferulic Acid & Multivitamin For Skin Illumination","serum","2025-06-09",5,0.5106,"Good one. The smaller one is a sample product of 10ml . For 30 ml it's a bit priced but, worth every penny"
"The Derma Co","The Derma Co 5% Vitamin C Daily Face Serum With Ferulic Acid & Multivitamin For Skin Illumination","serum","2025-03-20",5,0.5106,"Good serum. Mine is an oily acne prone skin and mostly all vit c serums I have used had given me breakouts … but this one is an exception… using for 3 weeks straight and haven’t given a"
"The Derma Co","The Derma Co 5% Vitamin C Daily Face Serum With Ferulic Acid & Multivitamin For Skin Illumination","serum","2025-02-22",5,0.8834,"The derma vitamin C. This serum is the best I ordered it for my mamma, and she loved it go for it. 🎀🩷"
"The Derma Co","The Derma Co 5% Vitamin C Daily Face Serum With Ferulic Acid & Multivitamin For Skin Illumination","serum","2024-12-07",5,0.857,"Such an amazing product. I'm rating this 10 out of 5. This products suits my sensitive skin so nicely and also no fragrance at all , feels so light on the skin. It improved my skin tone and my skin h"
"The Derma Co","The Derma Co 5% Vitamin C Daily Face Serum With Ferulic Acid & Multivitamin For Skin Illumination","serum","2024-11-29",5,0.91,"5% vitamin c serum derma co.. This vitamin c serum is a great light weight serum for daily use ,helps in brightening the skin from inside & gives you that glow. But yes don't forget to use an sfp after th"
"The Derma Co","The Derma Co 5% Vitamin C Daily Face Serum With Ferulic Acid & Multivitamin For Skin Illumination","serum","2024-06-13",5,0.743,"Fabulous. Packaging and products was good"
"The Derma Co","The Derma Co 5% Vitamin C Daily Face Serum With Ferulic Acid & Multivitamin For Skin Illumination","serum","2024-05-20",5,0.8455,"Worth trying. First time using bit c from derma..works well👌"
"The Derma Co","The Derma Co 5% Vitamin C Daily Face Serum With Ferulic Acid & Multivitamin For Skin Illumination","serum","2024-05-02",5,0.9729,"Just wow 👌. It absorb very quickly hope for the best result 😊🤞"
"The Derma Co","The Derma Co 5% Vitamin C Daily Face Serum With Ferulic Acid & Multivitamin For Skin Illumination","serum","2024-03-24",5,0.9432,"Awesome. Best vitamin c serum I have ever used especially it has a nice packaging one side for the applicator and the other one for the bottle i would definitely suggest it for everyone"
"The Derma Co","The Derma Co 5% Vitamin C Daily Face Serum With Ferulic Acid & Multivitamin For Skin Illumination","serum","2023-09-01",5,0.8548,"nice Serum. It's my second order for this serum. I'm using it since 6 months nd it's result is amazing. It gives glowing skin. Not irritating, suitable for beginners who want to add vita"
"Dot & Key","Dot & Key Strawberry Dew Brightening Moisturizer, Niacinamide & Peptides, Brightens & Smoothes Skin","moisturizer","2025-04-07",5,0.6369,"Buttry Texture Moisturizer ❤️. I love thiss product... Thenkuuu Nykaa"
"Dot & Key","Dot & Key Strawberry Dew Brightening Moisturizer, Niacinamide & Peptides, Brightens & Smoothes Skin","moisturizer","2026-07-16",5,0.5709,"Worth for money. I really like"
"Dot & Key","Dot & Key Strawberry Dew Brightening Moisturizer, Niacinamide & Peptides, Brightens & Smoothes Skin","moisturizer","2025-01-22",5,0.6908,"Good. Nice product"
"Dot & Key","Dot & Key Strawberry Dew Brightening Moisturizer, Niacinamide & Peptides, Brightens & Smoothes Skin","moisturizer","2024-12-23",5,0.0,"One in all. It gives ample amount of moisture and it doesn't seem heavy"
"Dot & Key","Dot & Key Strawberry Dew Brightening Moisturizer, Niacinamide & Peptides, Brightens & Smoothes Skin","moisturizer","2026-03-18",5,0.6486,"Moisturizer. The packaging is well-designed and appealing. While a slightly larger quantity would improve the value, the niacinamide content was a key selling point for my oily skin. As a"
"Dot & Key","Dot & Key Strawberry Dew Brightening Moisturizer, Niacinamide & Peptides, Brightens & Smoothes Skin","moisturizer","2025-11-24",5,0.8355,"Dot and key. Omg this moisturizer is so so good. I used it just now and wow it hydrates my skin and gives glow. Must buy"
"Dot & Key","Dot & Key Strawberry Dew Brightening Moisturizer, Niacinamide & Peptides, Brightens & Smoothes Skin","moisturizer","2025-11-23",5,0.9756,"Great. I love this moisturizer so so so much really hydrates the skin well and actually smoothens Wow💓"
"Dot & Key","Dot & Key Strawberry Dew Brightening Moisturizer, Niacinamide & Peptides, Brightens & Smoothes Skin","moisturizer","2025-10-20",5,0.8225,"Nice moisturiser. Good moisturizer. It’s lightweight and easy to absorb into the skin"
"Dot & Key","Dot & Key Strawberry Dew Brightening Moisturizer, Niacinamide & Peptides, Brightens & Smoothes Skin","moisturizer","2025-10-11",5,0.8899,"Good. So good. I love it, just go for it, guys"
"Dot & Key","Dot & Key Strawberry Dew Brightening Moisturizer, Niacinamide & Peptides, Brightens & Smoothes Skin","moisturizer","2025-09-22",5,0.9226,"Good. Seems great. I loved it very much, works well"
"Dot & Key","Dot & Key Strawberry Dew Brightening Moisturizer, Niacinamide & Peptides, Brightens & Smoothes Skin","moisturizer","2025-09-20",5,0.9297,"Loved it. I like this 4 in one moisturiser. Buttery soft texture. Absorbs quickly into my skin. It can be applied in any weather. Love this brand so much. Will try more products. Thanks nykaa"
"Dot & Key","Dot & Key Strawberry Dew Brightening Moisturizer, Niacinamide & Peptides, Brightens & Smoothes Skin","moisturizer","2025-09-02",5,0.885,"Awesome!. The product is very good. Thank you Nykaa"
"Dot & Key","Dot & Key Strawberry Dew Brightening Moisturizer, Niacinamide & Peptides, Brightens & Smoothes Skin","moisturizer","2025-08-09",5,0.5859,"For dry skin. Multipurpose thick cream specially for dry skin, does remove make up as advertised, moisturizes and protects your skin barrier, can see improvement in skin immediately, works"
"Dot & Key","Dot & Key Strawberry Dew Brightening Moisturizer, Niacinamide & Peptides, Brightens & Smoothes Skin","moisturizer","2025-07-24",5,0.7906,"Awesome one. Good for skin firming, must have this one"
"Dot & Key","Dot & Key Strawberry Dew Brightening Moisturizer, Niacinamide & Peptides, Brightens & Smoothes Skin","moisturizer","2025-07-20",5,0.7003,"Good Moisturizer. Good product , must have this"
"Dot & Key","Dot & Key Strawberry Dew Brightening Moisturizer, Niacinamide & Peptides, Brightens & Smoothes Skin","moisturizer","2025-07-03",5,0.7906,"Must buy. Good product it works superb, must have"
"Dot & Key","Dot & Key Strawberry Dew Brightening Moisturizer, Niacinamide & Peptides, Brightens & Smoothes Skin","moisturizer","2025-05-27",5,0.5719,"Buttery texture 🧈. This has buttery texture which gives you perfect shine motorized your skin"
"Dot & Key","Dot & Key Strawberry Dew Brightening Moisturizer, Niacinamide & Peptides, Brightens & Smoothes Skin","moisturizer","2025-05-22",5,0.7964,"Hydrating as anything. Just loved the convenient and travel friendly packaging and performance of the product of course"
"Dot & Key","Dot & Key Strawberry Dew Brightening Moisturizer, Niacinamide & Peptides, Brightens & Smoothes Skin","moisturizer","2025-05-16",5,0.6369,"Best product 👍👍. It gives ample amount of moisture and it doesn't seem heavy"
"Dot & Key","Dot & Key Watermelon Cooling Icy Gel Moisturizer, With Hyaluronic & Liquid Ice","moisturizer","2026-07-20",5,0.9517,"Favorite 😍. Best moisturizer for combination skin 🤌🏻 already on my 3rd bottle, cutest packaging 😍 and restock for future 💯"
"Dot & Key","Dot & Key Watermelon Cooling Icy Gel Moisturizer, With Hyaluronic & Liquid Ice","moisturizer","2026-07-18",5,0.9011,"Best moisturiser!. My go to moisturiser. I absolutely love the way my skin had e after using this product. Can never stop using this! Obsessed!!!"
"Dot & Key","Dot & Key Watermelon Cooling Icy Gel Moisturizer, With Hyaluronic & Liquid Ice","moisturizer","2026-04-30",5,0.9211,"Dot and key. It was great i love the product and the packing is so cute🍓"
"Dot & Key","Dot & Key Watermelon Cooling Icy Gel Moisturizer, With Hyaluronic & Liquid Ice","moisturizer","2026-04-26",5,0.923,"Too good 👍. This product is really good for my oily and combination sensitive skin. It absorbs in my skin pretty well and after applying it the cooling effect oh just too good that I for"
"Dot & Key","Dot & Key Watermelon Cooling Icy Gel Moisturizer, With Hyaluronic & Liquid Ice","moisturizer","2026-03-13",5,0.7906,"Too good. It's nice and cool"
"Dot & Key","Dot & Key Watermelon Cooling Icy Gel Moisturizer, With Hyaluronic & Liquid Ice","moisturizer","2025-12-25",5,0.0,"Moisturiser and sunscreen. Dot & Key’s Watermelon Cooling Sunscreen and Icy Gel Moisturizer are summer essentials for my oily/combination skin. The lightweight sunscreen, SPF 50 with PA+++, absorbs qui"
"Dot & Key","Dot & Key Watermelon Cooling Icy Gel Moisturizer, With Hyaluronic & Liquid Ice","moisturizer","2025-10-22",5,0.8805,"Nice product. I love this product. It makes my skin feel so soft after applying it. It's a really good product and also affordable"
"Dot & Key","Dot & Key Watermelon Cooling Icy Gel Moisturizer, With Hyaluronic & Liquid Ice","moisturizer","2025-08-07",5,0.8328,"SO CUTE!!. The formula and the fragrance is just amazing and if you're a skincare freak than this is a must have product .🌷!!"
"Dot & Key","Dot & Key Watermelon Cooling Icy Gel Moisturizer, With Hyaluronic & Liquid Ice","moisturizer","2025-08-01",5,0.9954,"So pretty😭💖💕💓. The pink jar😍The glass bottle, the icy cool feeling!😘😘😘 I just love Dot and Key, this moisturizer feels like a dream 😍🥰 So pretty, Princess vibes 🤭 I loved it soooo so"
"Dot & Key","Dot & Key Watermelon Cooling Icy Gel Moisturizer, With Hyaluronic & Liquid Ice","moisturizer","2025-07-22",5,0.8555,"Love it. Love this Watermelon Gel. 🍉 It gives cooling effect and makes skin glowing. ❤️"
"Dot & Key","Dot & Key Watermelon Cooling Icy Gel Moisturizer, With Hyaluronic & Liquid Ice","moisturizer","2025-07-03",5,0.7717,"Must buy. Good product works Amazing, must have"
"Dot & Key","Dot & Key Watermelon Cooling Icy Gel Moisturizer, With Hyaluronic & Liquid Ice","moisturizer","2025-05-30",5,0.8941,"Good quality products!!. Really nice range 😀, suits my skin really well"
"Dot & Key","Dot & Key Watermelon Cooling Icy Gel Moisturizer, With Hyaluronic & Liquid Ice","moisturizer","2025-05-16",5,0.9153,"Loving this 🫶🤍. Best moisturizer cream, Perfect for summers . It keeps your skin hydrated and gives a refreshing"
"Dot & Key","Dot & Key Watermelon Cooling Icy Gel Moisturizer, With Hyaluronic & Liquid Ice","moisturizer","2025-05-16",5,0.9666,"Thanks for it ✌🏼💕. Best for summer✌🏼 suitable for combination and oily skin type , hydrated skin and gives cool feeling"
"Dot & Key","Dot & Key Watermelon Cooling Icy Gel Moisturizer, With Hyaluronic & Liquid Ice","moisturizer","2025-05-13",5,0.5859,"Thankyou nykaa. Amazing product Thankyou nykaa"
"Dot & Key","Dot & Key Watermelon Cooling Icy Gel Moisturizer, With Hyaluronic & Liquid Ice","moisturizer","2026-07-27",5,0.8888,"For oily skin. Best purchase ever Best for oily skin Gives instant Cooling Anyone can go for it without any doubt"
"Dot & Key","Dot & Key Watermelon Cooling Icy Gel Moisturizer, With Hyaluronic & Liquid Ice","moisturizer","2026-07-22",5,0.9059,"Really amazing product. The quality of the product is great, It is very helpful to combinational skin"
"Dot & Key","Dot & Key Watermelon Cooling Icy Gel Moisturizer, With Hyaluronic & Liquid Ice","moisturizer","2026-06-20",5,0.7707,"It's worth buying. I absolutely love this product! I even featured it in a reel on my Instagram account"
"Dot & Key","Dot & Key Watermelon Cooling Icy Gel Moisturizer, With Hyaluronic & Liquid Ice","moisturizer","2026-06-01",5,0.9565,"Cutest. Super cute and elegant loving it"
"Dot & Key","Dot & Key Watermelon Cooling Icy Gel Moisturizer, With Hyaluronic & Liquid Ice","moisturizer","2026-05-15",5,0.903,"Really good product. Really good product! Best for summer"
